altitude_km,density_kg_m3,temperature_K,pressure_Pa,source
1028.600,2.5820e-11,900.30,9.6650e-05,upperatm
1028.100,2.5900e-11,900.60,9.6970e-05,upperatm
1023.800,2.6530e-11,902.70,9.9530e-05,upperatm
1018.300,2.7380e-11,903.50,1.0280e-04,upperatm
1012.900,2.8310e-11,902.80,1.0620e-04,upperatm
1007.500,2.9310e-11,901.00,1.0970e-04,upperatm
1002.100,3.0380e-11,898.10,1.1330e-04,upperatm
996.770,3.1490e-11,895.10,1.1710e-04,upperatm
991.400,3.2680e-11,891.40,1.2100e-04,upperatm
986.040,3.3900e-11,888.00,1.2500e-04,upperatm
980.690,3.5180e-11,884.40,1.2920e-04,upperatm
975.340,3.6510e-11,880.90,1.3350e-04,upperatm
970.010,3.7880e-11,877.50,1.3800e-04,upperatm
964.690,3.9290e-11,874.60,1.4260e-04,upperatm
959.370,4.0750e-11,871.90,1.4740e-04,upperatm
954.070,4.2230e-11,869.90,1.5240e-04,upperatm
948.770,4.3750e-11,868.00,1.5750e-04,upperatm
943.480,4.5300e-11,866.80,1.6280e-04,upperatm
938.200,4.6900e-11,865.70,1.6830e-04,upperatm
932.930,4.8520e-11,865.20,1.7400e-04,upperatm
927.670,5.0170e-11,865.00,1.7990e-04,upperatm
922.420,5.1860e-11,865.10,1.8590e-04,upperatm
917.180,5.3570e-11,865.70,1.9220e-04,upperatm
911.950,5.5330e-11,866.40,1.9860e-04,upperatm
906.720,5.7120e-11,867.40,2.0520e-04,upperatm
901.510,5.8950e-11,868.70,2.1210e-04,upperatm
896.300,6.0810e-11,870.20,2.1910e-04,upperatm
891.110,6.2740e-11,871.60,2.2640e-04,upperatm
885.920,6.4690e-11,873.30,2.3390e-04,upperatm
880.740,6.6710e-11,874.90,2.4160e-04,upperatm
875.570,6.8770e-11,876.70,2.4950e-04,upperatm
870.410,7.0890e-11,878.40,2.5770e-04,upperatm
865.260,7.3080e-11,879.90,2.6610e-04,upperatm
860.120,7.5340e-11,881.40,2.7470e-04,upperatm
854.990,7.7670e-11,882.70,2.8360e-04,upperatm
849.870,8.0090e-11,883.80,2.9270e-04,upperatm
844.750,8.2600e-11,884.70,3.0220e-04,upperatm
839.650,8.5210e-11,885.30,3.1190e-04,upperatm
834.550,8.7920e-11,885.50,3.2190e-04,upperatm
829.470,9.0760e-11,885.50,3.3220e-04,upperatm
824.390,9.3720e-11,885.00,3.4280e-04,upperatm
819.320,9.6810e-11,884.30,3.5370e-04,upperatm
814.260,1.0000e-10,883.10,3.6500e-04,upperatm
809.210,1.0350e-10,881.40,3.7670e-04,upperatm
804.170,1.0700e-10,879.20,3.8870e-04,upperatm
799.140,1.1080e-10,876.70,4.0110e-04,upperatm
794.120,1.1470e-10,873.80,4.1400e-04,upperatm
789.100,1.1900e-10,870.10,4.2730e-04,upperatm
784.100,1.2340e-10,866.00,4.4100e-04,upperatm
779.100,1.2810e-10,861.40,4.5530e-04,upperatm
774.120,1.3300e-10,856.40,4.7010e-04,upperatm
769.140,1.3830e-10,851.00,4.8540e-04,upperatm
764.170,1.4380e-10,845.20,5.0130e-04,upperatm
759.220,1.4970e-10,839.00,5.1780e-04,upperatm
754.270,1.5590e-10,832.50,5.3500e-04,upperatm
749.330,1.6240e-10,825.70,5.5290e-04,upperatm
744.400,1.6940e-10,818.60,5.7150e-04,upperatm
739.480,1.7670e-10,811.20,5.9080e-04,upperatm
734.570,1.8450e-10,803.60,6.1100e-04,upperatm
729.660,1.9320e-10,794.20,6.3200e-04,upperatm
724.770,2.0230e-10,785.00,6.5400e-04,upperatm
719.880,2.1190e-10,775.90,6.7700e-04,upperatm
715.010,2.2210e-10,766.90,7.0110e-04,upperatm
710.140,2.3270e-10,758.10,7.2630e-04,upperatm
705.290,2.4390e-10,749.70,7.5260e-04,upperatm
700.440,2.5570e-10,741.70,7.8020e-04,upperatm
695.600,2.6790e-10,734.10,8.0900e-04,upperatm
690.770,2.8070e-10,727.10,8.3920e-04,upperatm
685.950,2.9400e-10,720.40,8.7070e-04,upperatm
681.140,3.0790e-10,714.00,9.0370e-04,upperatm
676.340,3.2230e-10,708.50,9.3810e-04,upperatm
671.550,3.3730e-10,703.30,9.7410e-04,upperatm
666.770,3.5280e-10,698.60,1.0120e-03,upperatm
661.990,3.6890e-10,694.30,1.0510e-03,upperatm
657.230,3.8550e-10,690.50,1.0920e-03,upperatm
652.470,4.0270e-10,687.10,1.1350e-03,upperatm
647.730,4.2040e-10,684.20,1.1790e-03,upperatm
642.990,4.3870e-10,681.60,1.2260e-03,upperatm
638.260,4.5760e-10,679.50,1.2740e-03,upperatm
633.540,4.7710e-10,677.70,1.3240e-03,upperatm
628.840,4.9710e-10,676.30,1.3760e-03,upperatm
624.140,5.1780e-10,675.20,1.4310e-03,upperatm
619.450,5.3900e-10,674.40,1.4870e-03,upperatm
614.770,5.6290e-10,671.60,1.5460e-03,upperatm
610.090,5.8740e-10,669.30,1.6080e-03,upperatm
605.430,6.1070e-10,669.60,1.6710e-03,upperatm
600.780,6.3490e-10,669.80,1.7370e-03,upperatm
596.140,6.5990e-10,670.20,1.8060e-03,upperatm
591.500,6.8600e-10,670.50,1.8770e-03,upperatm
586.880,7.1320e-10,670.60,1.9510e-03,upperatm
582.260,7.4180e-10,670.50,2.0280e-03,upperatm
577.650,7.7170e-10,670.10,2.1080e-03,upperatm
573.060,8.0350e-10,669.30,2.1900e-03,upperatm
568.470,8.3710e-10,667.90,2.2760e-03,upperatm
563.890,8.7300e-10,666.00,2.3660e-03,upperatm
559.320,9.1120e-10,663.60,2.4590e-03,upperatm
554.760,9.5240e-10,660.30,2.5560e-03,upperatm
550.210,9.9680e-10,656.20,2.6580e-03,upperatm
545.670,1.0450e-09,651.30,2.7640e-03,upperatm
541.140,1.0990e-09,645.00,2.8750e-03,upperatm
536.610,1.1620e-09,635.00,2.9920e-03,upperatm
532.100,1.2290e-09,625.80,3.1150e-03,upperatm
527.590,1.3030e-09,615.50,3.2450e-03,upperatm
523.100,1.3870e-09,603.50,3.3840e-03,upperatm
518.610,1.4810e-09,590.30,3.5310e-03,upperatm
514.140,1.5830e-09,577.30,3.6880e-03,upperatm
509.670,1.6900e-09,565.80,3.8550e-03,upperatm
505.210,1.8010e-09,555.90,4.0330e-03,upperatm
500.760,1.9160e-09,547.30,4.2230e-03,upperatm
496.330,2.0350e-09,540.60,4.4240e-03,upperatm
491.900,2.1500e-09,536.80,4.6360e-03,upperatm
487.480,2.2710e-09,533.60,4.8600e-03,upperatm
483.070,2.3800e-09,534.40,5.0950e-03,upperatm
478.660,2.4880e-09,536.40,5.3410e-03,upperatm
474.270,2.6020e-09,538.40,5.5970e-03,upperatm
469.890,2.7250e-09,539.40,5.8640e-03,upperatm
465.520,2.8620e-09,538.60,6.1440e-03,upperatm
461.150,3.0160e-09,536.40,6.4380e-03,upperatm
456.800,3.1840e-09,533.10,6.7480e-03,upperatm
452.450,3.3770e-09,527.70,7.0750e-03,upperatm
448.110,3.6130e-09,518.50,7.4220e-03,upperatm
443.790,3.9100e-09,504.30,7.7940e-03,upperatm
439.470,4.3330e-09,480.00,8.2020e-03,upperatm
435.160,4.8590e-09,452.80,8.6560e-03,upperatm
430.860,5.4580e-09,427.70,9.1650e-03,upperatm
426.570,6.0570e-09,410.20,9.7320e-03,upperatm
422.290,6.6590e-09,398.00,1.0360e-02,upperatm
418.020,7.2790e-09,389.00,1.1040e-02,upperatm
413.760,7.9220e-09,382.40,1.1780e-02,upperatm
409.510,8.5620e-09,378.80,1.2590e-02,upperatm
405.270,9.2340e-09,376.20,1.3450e-02,upperatm
401.040,1.0010e-08,371.90,1.4390e-02,upperatm
396.810,1.1050e-08,361.90,1.5410e-02,upperatm
392.600,1.2520e-08,344.20,1.6550e-02,upperatm
388.390,1.4390e-08,324.00,1.7840e-02,upperatm
384.200,1.6750e-08,302.90,1.9340e-02,upperatm
380.010,1.9160e-08,289.30,2.1070e-02,upperatm
375.840,2.2000e-08,276.50,2.3040e-02,upperatm
371.670,2.4990e-08,268.10,2.5290e-02,upperatm
367.510,2.8670e-08,258.20,2.7840e-02,upperatm
363.360,3.4120e-08,241.10,3.0840e-02,upperatm
359.220,3.9920e-08,230.50,3.4370e-02,upperatm
355.090,4.4680e-08,230.60,3.8340e-02,upperatm
350.970,5.5740e-08,208.60,4.3120e-02,upperatm
346.860,6.4530e-08,204.50,4.8790e-02,upperatm
342.760,7.4980e-08,200.20,5.5370e-02,upperatm
338.670,8.6620e-08,197.50,6.2960e-02,upperatm
334.590,1.0130e-07,193.10,7.1790e-02,upperatm
330.520,1.1640e-07,192.40,8.2000e-02,upperatm
326.450,1.3110e-07,195.30,9.3550e-02,upperatm
322.400,1.4870e-07,196.50,1.0660e-01,upperatm
318.350,1.7170e-07,194.30,1.2150e-01,upperatm
314.320,1.9010e-07,200.10,1.3830e-01,upperatm
310.290,2.1150e-07,204.30,1.5690e-01,upperatm
306.280,2.3630e-07,207.20,1.7750e-01,upperatm
302.270,2.8160e-07,197.10,2.0110e-01,upperatm
298.270,3.7810e-07,169.40,2.3170e-01,upperatm
294.290,4.3190e-07,171.90,2.6850e-01,upperatm
290.310,5.4090e-07,160.10,3.1300e-01,upperatm
286.340,6.6790e-07,152.70,3.6840e-01,upperatm
282.380,7.8030e-07,154.20,4.3430e-01,upperatm
278.430,9.2510e-07,153.40,5.1220e-01,upperatm
274.500,1.0400e-06,160.30,6.0100e-01,upperatm
270.570,1.2110e-06,160.80,7.0220e-01,upperatm
266.650,1.5010e-06,152.50,8.2470e-01,upperatm
262.740,1.8050e-06,149.70,9.7390e-01,upperatm
258.840,2.1030e-06,151.70,1.1500e+00,upperatm
254.950,2.4240e-06,155.00,1.3530e+00,upperatm
251.070,2.7330e-06,160.80,1.5830e+00,upperatm
247.200,3.1840e-06,161.00,1.8460e+00,upperatm
243.340,3.8210e-06,156.80,2.1580e+00,upperatm
239.490,4.5100e-06,155.60,2.5280e+00,upperatm
235.650,5.2390e-06,156.80,2.9580e+00,upperatm
231.820,6.2000e-06,155.20,3.4650e+00,upperatm
228.000,7.0920e-06,158.60,4.0500e+00,upperatm
224.190,8.1530e-06,160.70,4.7160e+00,upperatm
220.400,9.7660e-06,156.60,5.5040e+00,upperatm
216.610,1.1130e-05,160.10,6.4130e+00,upperatm
212.840,1.3150e-05,157.90,7.4720e+00,upperatm
209.080,1.5150e-05,159.50,8.6980e+00,upperatm
205.330,1.7720e-05,158.60,1.0120e+01,upperatm
201.600,2.0780e-05,157.50,1.1780e+01,upperatm
197.880,2.3980e-05,158.70,1.3700e+01,upperatm
194.170,2.7910e-05,158.50,1.5930e+01,upperatm
190.480,3.1750e-05,161.50,1.8460e+01,upperatm
186.800,3.7780e-05,157.50,2.1420e+01,upperatm
183.150,4.3420e-05,159.00,2.4840e+01,upperatm
179.510,5.0870e-05,157.40,2.8810e+01,upperatm
175.880,5.8520e-05,158.60,3.3400e+01,upperatm
172.280,6.6060e-05,162.30,3.8580e+01,upperatm
168.700,7.4730e-05,165.10,4.4420e+01,upperatm
165.150,8.3350e-05,169.70,5.0900e+01,upperatm
161.620,9.6150e-05,168.30,5.8230e+01,upperatm
158.110,1.0960e-04,168.80,6.6560e+01,upperatm
154.630,1.2520e-04,168.70,7.5990e+01,upperatm
151.190,1.4330e-04,168.00,8.6670e+01,upperatm
147.780,1.6610e-04,165.40,9.8880e+01,upperatm
144.410,1.9040e-04,164.60,1.1280e+02,upperatm
141.080,2.1940e-04,162.80,1.2850e+02,upperatm
137.790,2.5880e-04,157.50,1.4670e+02,upperatm
134.560,2.9590e-04,157.30,1.6750e+02,upperatm
131.380,3.3950e-04,156.20,1.9090e+02,upperatm
128.260,3.8760e-04,155.60,2.1710e+02,upperatm
125.210,4.4700e-04,153.30,2.4660e+02,upperatm
122.230,5.1730e-04,150.30,2.7990e+02,upperatm
119.330,5.8800e-04,149.80,3.1700e+02,upperatm
116.510,6.6230e-04,150.10,3.5780e+02,upperatm
113.780,7.4420e-04,150.20,4.0230e+02,upperatm
111.150,8.2150e-04,152.20,4.5000e+02,upperatm
108.620,9.0800e-04,153.20,5.0070e+02,upperatm
106.190,1.0110e-03,152.50,5.5470e+02,upperatm
103.860,1.1070e-03,153.70,6.1200e+02,upperatm
101.640,1.1940e-03,156.20,6.7110e+02,upperatm
99.519,1.2830e-03,158.50,7.3190e+02,upperatm
97.501,1.3830e-03,159.60,7.9430e+02,upperatm
95.583,1.4840e-03,160.60,8.5800e+02,upperatm
93.762,1.6020e-03,160.10,9.2320e+02,upperatm
92.035,1.7220e-03,159.70,9.8980e+02,upperatm
90.399,1.8550e-03,158.40,1.0580e+03,upperatm
88.849,1.9840e-03,157.80,1.1270e+03,upperatm
87.383,2.1250e-03,156.50,1.1970e+03,upperatm
85.996,2.2770e-03,154.60,1.2670e+03,upperatm
84.685,2.4250e-03,153.40,1.3390e+03,upperatm
83.444,2.5880e-03,151.50,1.4110e+03,upperatm
82.271,2.7790e-03,148.40,1.4840e+03,upperatm
81.162,2.9370e-03,147.30,1.5580e+03,upperatm
80.112,3.1480e-03,144.00,1.6320e+03,upperatm
79.118,3.3370e-03,142.10,1.7070e+03,upperatm
78.177,3.5370e-03,140.00,1.7820e+03,upperatm
77.285,3.7030e-03,139.30,1.8570e+03,upperatm
76.439,3.9420e-03,136.20,1.9320e+03,upperatm
75.635,4.1850e-03,133.30,2.0080e+03,upperatm
74.871,4.3800e-03,132.20,2.0840e+03,upperatm
74.145,4.4980e-03,133.30,2.1580e+03,upperatm
73.452,4.6810e-03,132.50,2.2320e+03,upperatm
72.791,4.8200e-03,132.90,2.3050e+03,upperatm
72.158,4.9960e-03,132.20,2.3770e+03,upperatm
71.551,5.1100e-03,133.10,2.4490e+03,upperatm
70.968,5.2030e-03,134.50,2.5180e+03,upperatm
70.407,5.3740e-03,133.80,2.5870e+03,upperatm
69.866,5.4750e-03,134.80,2.6550e+03,upperatm
69.344,5.6440e-03,134.00,2.7230e+03,upperatm
68.838,5.8890e-03,131.70,2.7910e+03,upperatm
68.349,6.0410e-03,131.50,2.8580e+03,upperatm
67.874,6.2510e-03,130.10,2.9260e+03,upperatm
67.413,6.4570e-03,128.80,2.9940e+03,upperatm
66.965,6.6160e-03,128.60,3.0620e+03,upperatm
66.530,6.8790e-03,126.40,3.1300e+03,upperatm
66.105,7.0690e-03,125.70,3.1990e+03,upperatm
65.691,7.2150e-03,125.90,3.2680e+03,upperatm
65.286,7.3200e-03,126.60,3.3360e+03,upperatm
64.891,7.5090e-03,126.00,3.4040e+03,upperatm
64.504,7.6340e-03,126.40,3.4720e+03,upperatm
64.124,7.7720e-03,126.60,3.5400e+03,upperatm
63.751,7.8600e-03,127.50,3.6080e+03,upperatm
63.385,7.9140e-03,129.00,3.6750e+03,upperatm
63.025,8.1310e-03,127.90,3.7420e+03,upperatm
62.671,8.2860e-03,127.80,3.8100e+03,upperatm
62.321,8.5380e-03,126.20,3.8780e+03,upperatm
61.977,8.6860e-03,126.30,3.9470e+03,upperatm
61.637,8.9230e-03,125.10,4.0160e+03,upperatm
61.302,9.0890e-03,124.90,4.0870e+03,upperatm
60.971,9.2950e-03,124.30,4.1570e+03,upperatm
60.644,9.4900e-03,123.80,4.2290e+03,upperatm
60.321,9.7440e-03,122.60,4.3010e+03,upperatm
60.001,9.9150e-03,122.60,4.3740e+03,upperatm
59.685,1.0150e-02,121.80,4.4470e+03,upperatm
59.372,1.0460e-02,120.20,4.5220e+03,upperatm
59.062,1.0710e-02,119.30,4.5990e+03,upperatm
58.755,1.0970e-02,118.50,4.6760e+03,upperatm
58.450,1.1150e-02,118.50,4.7540e+03,upperatm
58.149,1.1420e-02,117.60,4.8330e+03,upperatm
57.849,1.1800e-02,115.70,4.9140e+03,upperatm
57.552,1.2060e-02,115.10,4.9960e+03,upperatm
57.258,1.2300e-02,114.70,5.0800e+03,upperatm
56.965,1.2520e-02,114.60,5.1640e+03,upperatm
56.674,1.2870e-02,113.40,5.2500e+03,upperatm
56.385,1.3390e-02,110.80,5.3380e+03,upperatm
56.098,1.3580e-02,111.10,5.4280e+03,upperatm
55.812,1.3910e-02,110.30,5.5190e+03,upperatm
55.528,1.4000e-02,111.40,5.6120e+03,upperatm
55.245,1.4230e-02,111.40,5.7050e+03,upperatm
54.962,1.4190e-02,113.50,5.7980e+03,upperatm
54.681,1.4560e-02,112.50,5.8920e+03,upperatm
54.400,1.5070e-02,110.40,5.9880e+03,upperatm
54.120,1.5550e-02,108.80,6.0880e+03,upperatm
53.840,1.5100e-02,113.90,6.1870e+03,upperatm
53.560,1.5310e-02,114.10,6.2860e+03,upperatm
53.280,1.5610e-02,113.70,6.3860e+03,upperatm
53.001,1.5650e-02,115.20,6.4880e+03,upperatm
52.720,1.6080e-02,113.90,6.5910e+03,upperatm
52.440,1.6350e-02,113.80,6.6970e+03,upperatm
52.159,1.6560e-02,114.10,6.8040e+03,upperatm
51.878,1.7170e-02,111.90,6.9140e+03,upperatm
51.596,1.7150e-02,113.80,7.0270e+03,upperatm
51.313,1.7850e-02,111.20,7.1420e+03,upperatm
51.030,1.7800e-02,113.30,7.2590e+03,upperatm
50.745,1.7980e-02,114.00,7.3770e+03,upperatm
50.460,1.8200e-02,114.50,7.4970e+03,upperatm
50.174,1.8740e-02,113.00,7.6200e+03,upperatm
49.887,1.8810e-02,114.40,7.7450e+03,upperatm
49.599,1.9220e-02,113.80,7.8720e+03,upperatm
49.310,1.9450e-02,114.30,8.0020e+03,upperatm
49.020,1.9720e-02,114.60,8.1340e+03,upperatm
48.729,2.0420e-02,112.60,8.2700e+03,upperatm
48.437,2.0720e-02,112.80,8.4100e+03,upperatm
48.143,2.0580e-02,115.40,8.5510e+03,upperatm
47.848,2.0270e-02,119.10,8.6900e+03,upperatm
47.551,2.1750e-02,112.90,8.8360e+03,upperatm
47.251,2.2040e-02,113.30,8.9890e+03,upperatm
46.949,2.1710e-02,117.00,9.1420e+03,upperatm
46.645,2.3220e-02,111.30,9.3010e+03,upperatm
46.338,2.2810e-02,115.30,9.4650e+03,upperatm
46.029,2.3280e-02,115.00,9.6310e+03,upperatm
45.718,2.4540e-02,111.00,9.8040e+03,upperatm
45.404,2.4640e-02,112.60,9.9830e+03,upperatm
45.088,2.4860e-02,113.60,1.0160e+04,upperatm
44.771,2.4160e-02,119.00,1.0350e+04,upperatm
44.451,2.5690e-02,113.90,1.0530e+04,upperatm
44.130,2.6630e-02,111.90,1.0730e+04,upperatm
43.806,2.6970e-02,112.60,1.0930e+04,upperatm
43.482,2.7670e-02,111.80,1.1130e+04,upperatm
43.156,2.8530e-02,110.50,1.1350e+04,upperatm
42.829,2.8320e-02,113.40,1.1560e+04,upperatm
42.500,2.8590e-02,114.50,1.1780e+04,upperatm
42.171,2.9040e-02,114.80,1.2000e+04,upperatm
41.840,2.9640e-02,114.60,1.2230e+04,upperatm
41.509,3.0190e-02,114.70,1.2460e+04,upperatm
41.176,3.1600e-02,111.60,1.2700e+04,upperatm
40.843,3.2060e-02,112.20,1.2940e+04,upperatm
40.509,3.2720e-02,112.00,1.3190e+04,upperatm
40.175,3.3080e-02,113.00,1.3450e+04,upperatm
39.841,3.3590e-02,113.40,1.3710e+04,upperatm
39.506,3.4010e-02,114.10,1.3970e+04,upperatm
39.172,3.4520e-02,114.60,1.4240e+04,upperatm
38.836,3.7120e-02,108.70,1.4520e+04,upperatm
38.502,3.5400e-02,116.10,1.4800e+04,upperatm
38.167,3.7870e-02,110.70,1.5080e+04,upperatm
37.832,3.6530e-02,117.00,1.5370e+04,upperatm
37.498,3.9120e-02,111.30,1.5670e+04,upperatm
37.164,4.1080e-02,108.10,1.5980e+04,upperatm
36.830,4.0620e-02,111.50,1.6300e+04,upperatm
36.498,4.2150e-02,109.50,1.6620e+04,upperatm
36.166,4.2920e-02,109.70,1.6940e+04,upperatm
35.835,4.3800e-02,109.60,1.7280e+04,upperatm
35.505,4.5060e-02,108.70,1.7620e+04,upperatm
35.176,4.6630e-02,107.10,1.7970e+04,upperatm
34.849,4.6020e-02,110.60,1.8320e+04,upperatm
34.522,4.8100e-02,107.90,1.8680e+04,upperatm
34.197,4.6940e-02,112.70,1.9040e+04,upperatm
33.873,4.8160e-02,111.90,1.9400e+04,upperatm
33.550,5.0380e-02,109.00,1.9770e+04,upperatm
33.228,5.0120e-02,111.70,2.0140e+04,upperatm
32.907,5.1700e-02,110.30,2.0520e+04,upperatm
32.588,5.1180e-02,113.50,2.0900e+04,upperatm
32.270,5.4180e-02,109.20,2.1290e+04,upperatm
31.954,5.3000e-02,113.70,2.1690e+04,upperatm
31.639,5.2980e-02,115.80,2.2080e+04,upperatm
31.325,5.7130e-02,109.30,2.2480e+04,upperatm
31.012,5.5650e-02,114.30,2.2890e+04,upperatm
30.701,5.7530e-02,112.50,2.3300e+04,upperatm
30.391,5.9990e-02,109.90,2.3720e+04,upperatm
30.084,6.0790e-02,110.40,2.4150e+04,upperatm
29.777,6.1920e-02,110.30,2.4590e+04,upperatm
29.473,6.3500e-02,109.50,2.5030e+04,upperatm
29.171,6.2060e-02,114.10,2.5470e+04,upperatm
28.870,6.4440e-02,111.80,2.5920e+04,upperatm
28.570,6.7250e-02,109.00,2.6380e+04,upperatm
28.273,6.6300e-02,112.50,2.6840e+04,upperatm
27.977,6.6660e-02,113.80,2.7290e+04,upperatm
27.683,6.8410e-02,112.70,2.7760e+04,upperatm
27.391,6.9280e-02,113.20,2.8220e+04,upperatm
27.100,6.8290e-02,116.70,2.8690e+04,upperatm
26.811,6.9120e-02,117.20,2.9150e+04,upperatm
26.523,7.0780e-02,116.30,2.9620e+04,upperatm
26.236,7.0950e-02,117.80,3.0090e+04,upperatm
25.951,7.0550e-02,120.40,3.0560e+04,upperatm
25.667,7.1750e-02,120.20,3.1030e+04,upperatm
25.385,7.3120e-02,119.70,3.1510e+04,upperatm
25.104,7.4110e-02,119.90,3.1990e+04,upperatm
24.824,7.5060e-02,120.20,3.2470e+04,upperatm
24.545,7.6120e-02,120.30,3.2960e+04,upperatm
24.268,7.7100e-02,120.60,3.3460e+04,upperatm
23.992,7.7810e-02,121.30,3.3960e+04,upperatm
23.718,7.8510e-02,121.90,3.4450e+04,upperatm
23.445,7.9190e-02,122.70,3.4950e+04,upperatm
18.508,9.4870e-02,129.66,4.3540e+04,loweratm
18.403,9.5320e-02,129.74,4.3772e+04,loweratm
18.299,9.5740e-02,129.85,4.4003e+04,loweratm
18.196,9.6150e-02,129.97,4.4234e+04,loweratm
18.091,9.6560e-02,130.11,4.4470e+04,loweratm
17.680,9.8080e-02,130.78,4.5400e+04,loweratm
17.253,9.9600e-02,131.56,4.6380e+04,loweratm
16.831,1.0102e-01,132.46,4.7365e+04,loweratm
16.357,1.0290e-01,133.13,4.8490e+04,loweratm
15.864,1.0489e-01,133.81,4.9680e+04,loweratm
15.538,1.0588e-01,134.70,5.0480e+04,loweratm
15.219,1.0691e-01,135.49,5.1270e+04,loweratm
14.744,1.0874e-01,136.30,5.2460e+04,loweratm
14.277,1.1050e-01,137.17,5.3650e+04,loweratm
13.968,1.1151e-01,137.96,5.4450e+04,loweratm
13.061,1.1518e-01,139.42,5.6840e+04,loweratm
12.620,1.1693e-01,140.21,5.8030e+04,loweratm
12.186,1.1866e-01,141.00,5.9220e+04,loweratm
11.757,1.2028e-01,141.90,6.0410e+04,loweratm
11.195,1.2285e-01,142.58,6.2000e+04,loweratm
10.781,1.2443e-01,143.48,6.3190e+04,loweratm
10.373,1.2617e-01,144.16,6.4380e+04,loweratm
9.970,1.2780e-01,144.95,6.5570e+04,loweratm
9.471,1.2978e-01,146.00,6.7066e+04,loweratm
9.001,1.3164e-01,147.00,6.8496e+04,loweratm
8.530,1.3352e-01,148.00,6.9947e+04,loweratm
8.060,1.3542e-01,149.00,7.1419e+04,loweratm
7.590,1.3733e-01,150.00,7.2911e+04,loweratm
7.119,1.3925e-01,151.00,7.4425e+04,loweratm
6.648,1.4119e-01,152.00,7.5960e+04,loweratm
6.178,1.4314e-01,153.00,7.7517e+04,loweratm
5.707,1.4511e-01,154.00,7.9096e+04,loweratm
5.236,1.4709e-01,155.00,8.0696e+04,loweratm
4.765,1.4908e-01,156.00,8.2319e+04,loweratm
4.294,1.5109e-01,157.00,8.3964e+04,loweratm
3.823,1.5312e-01,158.00,8.5632e+04,loweratm
3.351,1.5516e-01,159.00,8.7323e+04,loweratm
2.880,1.5722e-01,160.00,8.9037e+04,loweratm
2.408,1.5929e-01,161.00,9.0773e+04,loweratm
1.936,1.6138e-01,162.00,9.2534e+04,loweratm
1.464,1.6348e-01,163.00,9.4318e+04,loweratm
0.992,1.6560e-01,164.00,9.6126e+04,loweratm
0.520,1.6773e-01,165.00,9.7958e+04,loweratm
0.047,1.6988e-01,166.00,9.9814e+04,loweratm
0.000,1.7399e-01,166.10,1.0000e+05,loweratm
-0.427,1.7205e-01,167.00,1.0170e+05,loweratm
-0.899,1.7422e-01,168.00,1.0360e+05,loweratm
-1.372,1.7642e-01,169.00,1.0553e+05,loweratm
-1.846,1.7864e-01,170.00,1.0749e+05,loweratm
-2.319,1.8086e-01,171.00,1.0947e+05,loweratm
-2.794,1.8311e-01,172.00,1.1148e+05,loweratm
-3.267,1.8537e-01,173.00,1.1351e+05,loweratm
-3.742,1.8765e-01,174.00,1.1557e+05,loweratm
-4.218,1.8995e-01,175.00,1.1766e+05,loweratm
-4.692,1.9226e-01,176.00,1.1977e+05,loweratm
-5.167,1.9459e-01,177.00,1.2191e+05,loweratm
-5.644,1.9694e-01,178.00,1.2408e+05,loweratm
-6.119,1.9930e-01,179.00,1.2627e+05,loweratm
-6.596,2.0169e-01,180.00,1.2850e+05,loweratm
-7.073,2.0409e-01,181.00,1.3075e+05,loweratm
-7.548,2.0649e-01,182.00,1.3302e+05,loweratm
-8.026,2.0893e-01,183.00,1.3533e+05,loweratm
-8.504,2.1139e-01,184.00,1.3767e+05,loweratm
-8.981,2.1385e-01,185.00,1.4003e+05,loweratm
-9.458,2.1633e-01,186.00,1.4242e+05,loweratm
-9.938,2.1884e-01,187.00,1.4485e+05,loweratm
-10.416,2.2136e-01,188.00,1.4730e+05,loweratm
-10.895,2.2390e-01,189.00,1.4978e+05,loweratm
-11.374,2.2645e-01,190.00,1.5229e+05,loweratm
-11.853,2.2902e-01,191.00,1.5483e+05,loweratm
-12.334,2.3163e-01,192.00,1.5741e+05,loweratm
-12.813,2.3423e-01,193.00,1.6001e+05,loweratm
-13.295,2.3687e-01,194.00,1.6265e+05,loweratm
-13.774,2.3951e-01,195.00,1.6531e+05,loweratm
-14.256,2.4218e-01,196.00,1.6801e+05,loweratm
-14.737,2.4486e-01,197.00,1.7074e+05,loweratm
-15.219,2.4757e-01,198.00,1.7350e+05,loweratm
-15.700,2.5028e-01,199.00,1.7629e+05,loweratm
-16.183,2.5303e-01,200.00,1.7912e+05,loweratm
-16.666,2.5579e-01,201.00,1.8198e+05,loweratm
-17.149,2.5857e-01,202.00,1.8487e+05,loweratm
-17.633,2.6137e-01,203.00,1.8780e+05,loweratm
-18.115,2.6417e-01,204.00,1.9075e+05,loweratm
-18.600,2.6702e-01,205.00,1.9375e+05,loweratm
-19.083,2.6987e-01,206.00,1.9677e+05,loweratm
-19.568,2.7274e-01,207.00,1.9983e+05,loweratm
-20.053,2.7564e-01,208.00,2.0293e+05,loweratm
-20.538,2.7855e-01,209.00,2.0606e+05,loweratm
-21.024,2.8149e-01,210.00,2.0923e+05,loweratm
-21.510,2.8444e-01,211.00,2.1243e+05,loweratm
-21.997,2.8741e-01,212.00,2.1567e+05,loweratm
-22.483,2.9040e-01,213.00,2.1894e+05,loweratm
-22.970,2.9342e-01,214.00,2.2225e+05,loweratm
-23.456,2.9644e-01,215.00,2.2559e+05,loweratm
-23.943,2.9949e-01,216.00,2.2897e+05,loweratm
-24.431,3.0256e-01,217.00,2.3239e+05,loweratm
-24.919,3.0566e-01,218.00,2.3585e+05,loweratm
-25.407,3.0876e-01,219.00,2.3934e+05,loweratm
-25.896,3.1189e-01,220.00,2.4287e+05,loweratm
-26.385,3.1505e-01,221.00,2.4644e+05,loweratm
-26.874,3.1822e-01,222.00,2.5005e+05,loweratm
-27.363,3.2141e-01,223.00,2.5369e+05,loweratm
-27.852,3.2461e-01,224.00,2.5737e+05,loweratm
-28.343,3.2785e-01,225.00,2.6110e+05,loweratm
-28.833,3.3110e-01,226.00,2.6486e+05,loweratm
-29.323,3.3437e-01,227.00,2.6866e+05,loweratm
-29.814,3.3767e-01,228.00,2.7250e+05,loweratm
-30.306,3.4099e-01,229.00,2.7639e+05,loweratm
-30.797,3.4432e-01,230.00,2.8031e+05,loweratm
-31.288,3.4768e-01,231.00,2.8427e+05,loweratm
-31.781,3.5106e-01,232.00,2.8828e+05,loweratm
-32.273,3.5445e-01,233.00,2.9232e+05,loweratm
-32.766,3.5788e-01,234.00,2.9641e+05,loweratm
-33.257,3.6131e-01,235.00,3.0053e+05,loweratm
-33.750,3.6477e-01,236.00,3.0470e+05,loweratm
-34.243,3.6825e-01,237.00,3.0891e+05,loweratm
-34.738,3.7176e-01,238.00,3.1317e+05,loweratm
-35.231,3.7527e-01,239.00,3.1746e+05,loweratm
-35.725,3.7882e-01,240.00,3.2180e+05,loweratm
-36.220,3.8239e-01,241.00,3.2619e+05,loweratm
-36.714,3.8597e-01,242.00,3.3061e+05,loweratm
-37.208,3.8958e-01,243.00,3.3508e+05,loweratm
-37.703,3.9321e-01,244.00,3.3959e+05,loweratm
-38.198,3.9686e-01,245.00,3.4415e+05,loweratm
-38.694,4.0053e-01,246.00,3.4875e+05,loweratm
-39.190,4.0423e-01,247.00,3.5340e+05,loweratm
-39.685,4.0794e-01,248.00,3.5809e+05,loweratm
-40.182,4.1168e-01,249.00,3.6283e+05,loweratm
-40.678,4.1543e-01,250.00,3.6761e+05,loweratm
-41.174,4.1922e-01,251.00,3.7244e+05,loweratm
-41.671,4.2301e-01,252.00,3.7731e+05,loweratm
-42.169,4.2685e-01,253.00,3.8224e+05,loweratm
-42.665,4.3068e-01,254.00,3.8720e+05,loweratm
-43.163,4.3456e-01,255.00,3.9222e+05,loweratm
-43.660,4.3844e-01,256.00,3.9728e+05,loweratm
-44.158,4.4235e-01,257.00,4.0239e+05,loweratm
-44.656,4.4628e-01,258.00,4.0754e+05,loweratm
-45.154,4.5024e-01,259.00,4.1275e+05,loweratm
-45.653,4.5421e-01,260.00,4.1800e+05,loweratm
-46.151,4.5821e-01,261.00,4.2330e+05,loweratm
-46.650,4.6223e-01,262.00,4.2865e+05,loweratm
-47.149,4.6627e-01,263.00,4.3405e+05,loweratm
-47.648,4.7034e-01,264.00,4.3950e+05,loweratm
-48.147,4.7442e-01,265.00,4.4499e+05,loweratm
-48.647,4.7853e-01,266.00,4.5054e+05,loweratm
-49.147,4.8266e-01,267.00,4.5614e+05,loweratm
-49.647,4.8682e-01,268.00,4.6179e+05,loweratm
-50.147,4.9099e-01,269.00,4.6749e+05,loweratm
-50.647,4.9519e-01,270.00,4.7324e+05,loweratm
-51.148,4.9941e-01,271.00,4.7904e+05,loweratm
-51.648,5.0365e-01,272.00,4.8489e+05,loweratm
-52.149,5.0792e-01,273.00,4.9080e+05,loweratm
-52.650,5.1220e-01,274.00,4.9675e+05,loweratm
-53.151,5.1652e-01,275.00,5.0276e+05,loweratm
-53.652,5.2085e-01,276.00,5.0882e+05,loweratm
-54.154,5.2521e-01,277.00,5.1494e+05,loweratm
-54.655,5.2958e-01,278.00,5.2110e+05,loweratm
-55.157,5.3398e-01,279.00,5.2732e+05,loweratm
-55.659,5.3841e-01,280.00,5.3360e+05,loweratm
-56.161,5.4286e-01,281.00,5.3993e+05,loweratm
-56.663,5.4733e-01,282.00,5.4631e+05,loweratm
-57.166,5.5182e-01,283.00,5.5275e+05,loweratm
-57.669,5.5633e-01,284.00,5.5924e+05,loweratm
-58.171,5.6086e-01,285.00,5.6578e+05,loweratm
-58.673,5.6542e-01,286.00,5.7238e+05,loweratm
-59.177,5.7001e-01,287.00,5.7904e+05,loweratm
-59.679,5.7461e-01,288.00,5.8575e+05,loweratm
-60.183,5.7924e-01,289.00,5.9252e+05,loweratm
-60.686,5.8389e-01,290.00,5.9934e+05,loweratm
-61.189,5.8856e-01,291.00,6.0622e+05,loweratm
-61.693,5.9326e-01,292.00,6.1316e+05,loweratm
-62.197,5.9799e-01,293.00,6.2016e+05,loweratm
-62.700,6.0273e-01,294.00,6.2721e+05,loweratm
-63.204,6.0749e-01,295.00,6.3432e+05,loweratm
-63.708,6.1228e-01,296.00,6.4149e+05,loweratm
-64.212,6.1709e-01,297.00,6.4871e+05,loweratm
-64.717,6.2193e-01,298.00,6.5600e+05,loweratm
-65.221,6.2679e-01,299.00,6.6334e+05,loweratm
-65.725,6.3167e-01,300.00,6.7074e+05,loweratm
-66.230,6.3657e-01,301.00,6.7820e+05,loweratm
-66.735,6.4151e-01,302.00,6.8573e+05,loweratm
-67.240,6.4646e-01,303.00,6.9331e+05,loweratm
-67.744,6.5143e-01,304.00,7.0095e+05,loweratm
-68.249,6.5643e-01,305.00,7.0865e+05,loweratm
-68.754,6.6145e-01,306.00,7.1641e+05,loweratm
-69.259,6.6649e-01,307.00,7.2423e+05,loweratm
-69.765,6.7156e-01,308.00,7.3212e+05,loweratm
-70.270,6.7665e-01,309.00,7.4006e+05,loweratm
-70.775,6.8177e-01,310.00,7.4807e+05,loweratm
-71.281,6.8691e-01,311.00,7.5614e+05,loweratm
-71.787,6.9207e-01,312.00,7.6427e+05,loweratm
-72.292,6.9725e-01,313.00,7.7246e+05,loweratm
-72.798,7.0246e-01,314.00,7.8072e+05,loweratm
-73.304,7.0769e-01,315.00,7.8904e+05,loweratm
-73.810,7.1294e-01,316.00,7.9742e+05,loweratm
-74.316,7.1823e-01,317.00,8.0587e+05,loweratm
-74.822,7.2353e-01,318.00,8.1438e+05,loweratm
-75.328,7.2886e-01,319.00,8.2296e+05,loweratm
-75.835,7.3421e-01,320.00,8.3160e+05,loweratm
-76.341,7.3958e-01,321.00,8.4030e+05,loweratm
-76.847,7.4498e-01,322.00,8.4907e+05,loweratm
-77.354,7.5039e-01,323.00,8.5790e+05,loweratm
-77.860,7.5584e-01,324.00,8.6680e+05,loweratm
-78.367,7.6131e-01,325.00,8.7577e+05,loweratm
-78.874,7.6680e-01,326.00,8.8480e+05,loweratm
-79.380,7.7232e-01,327.00,8.9390e+05,loweratm
-79.887,7.7785e-01,328.00,9.0306e+05,loweratm
-80.394,7.8342e-01,329.00,9.1230e+05,loweratm
-80.901,7.8901e-01,330.00,9.2160e+05,loweratm
-81.409,7.9463e-01,331.00,9.3097e+05,loweratm
-81.915,8.0026e-01,332.00,9.4040e+05,loweratm
-82.422,8.0591e-01,333.00,9.4990e+05,loweratm
-82.929,8.1160e-01,334.00,9.5947e+05,loweratm
-83.437,8.1730e-01,335.00,9.6911e+05,loweratm
-83.944,8.2304e-01,336.00,9.7882e+05,loweratm
-84.452,8.2879e-01,337.00,9.8860e+05,loweratm
-84.959,8.3457e-01,338.00,9.9845e+05,loweratm
-85.468,8.4040e-01,339.00,1.0084e+06,loweratm
-85.976,8.4624e-01,340.00,1.0184e+06,loweratm
-86.481,8.5205e-01,341.00,1.0284e+06,loweratm
-86.987,8.5790e-01,342.00,1.0385e+06,loweratm
-87.495,8.6380e-01,343.00,1.0487e+06,loweratm
-88.004,8.6975e-01,344.00,1.0590e+06,loweratm
-88.515,8.7574e-01,345.00,1.0694e+06,loweratm
-89.022,8.8170e-01,346.00,1.0798e+06,loweratm
-89.531,8.8771e-01,347.00,1.0903e+06,loweratm
-90.036,8.9368e-01,348.00,1.1008e+06,loweratm
-90.542,8.9971e-01,349.00,1.1114e+06,loweratm
-91.050,9.0577e-01,350.00,1.1221e+06,loweratm
-91.559,9.1188e-01,351.00,1.1329e+06,loweratm
-92.070,9.1804e-01,352.00,1.1438e+06,loweratm
-92.577,9.2417e-01,353.00,1.1547e+06,loweratm
-93.085,9.3033e-01,354.00,1.1657e+06,loweratm
-93.594,9.3655e-01,355.00,1.1768e+06,loweratm
-94.100,9.4273e-01,356.00,1.1879e+06,loweratm
-94.608,9.4895e-01,357.00,1.1991e+06,loweratm
-95.116,9.5521e-01,358.00,1.2104e+06,loweratm
-95.626,9.6153e-01,359.00,1.2218e+06,loweratm
-96.132,9.6780e-01,360.00,1.2332e+06,loweratm
-96.644,9.7420e-01,361.00,1.2448e+06,loweratm
-97.152,9.8056e-01,362.00,1.2564e+06,loweratm
-97.657,9.8689e-01,363.00,1.2680e+06,loweratm
-98.168,9.9334e-01,364.00,1.2798e+06,loweratm
-98.675,9.9975e-01,365.00,1.2916e+06,loweratm
-99.183,1.0062e+00,366.00,1.3035e+06,loweratm
-99.693,1.0127e+00,367.00,1.3155e+06,loweratm
-100.200,1.0192e+00,368.00,1.3276e+06,loweratm
-100.710,1.0257e+00,369.00,1.3397e+06,loweratm
-101.220,1.0323e+00,370.00,1.3519e+06,loweratm
-101.730,1.0389e+00,371.00,1.3642e+06,loweratm
-102.240,1.0455e+00,372.00,1.3766e+06,loweratm
-102.750,1.0522e+00,373.00,1.3891e+06,loweratm
-103.250,1.0588e+00,374.00,1.4016e+06,loweratm
-103.760,1.0655e+00,375.00,1.4142e+06,loweratm
-104.270,1.0722e+00,376.00,1.4269e+06,loweratm
-104.780,1.0789e+00,377.00,1.4397e+06,loweratm
-105.290,1.0857e+00,378.00,1.4526e+06,loweratm
-105.800,1.0925e+00,379.00,1.4655e+06,loweratm
-106.310,1.0992e+00,380.00,1.4785e+06,loweratm
-106.820,1.1061e+00,381.00,1.4916e+06,loweratm
-107.320,1.1129e+00,382.00,1.5048e+06,loweratm
-107.830,1.1198e+00,383.00,1.5181e+06,loweratm
-108.340,1.1267e+00,384.00,1.5314e+06,loweratm
-108.850,1.1336e+00,385.00,1.5448e+06,loweratm
-109.360,1.1406e+00,386.00,1.5583e+06,loweratm
-109.870,1.1476e+00,387.00,1.5720e+06,loweratm
-110.380,1.1546e+00,388.00,1.5856e+06,loweratm
-110.890,1.1616e+00,389.00,1.5994e+06,loweratm
-111.400,1.1687e+00,390.00,1.6133e+06,loweratm
-111.900,1.1758e+00,391.00,1.6272e+06,loweratm
-112.410,1.1829e+00,392.00,1.6412e+06,loweratm
-112.920,1.1900e+00,393.00,1.6553e+06,loweratm
-113.430,1.1971e+00,394.00,1.6695e+06,loweratm
-113.940,1.2043e+00,395.00,1.6838e+06,loweratm
-114.450,1.2116e+00,396.00,1.6982e+06,loweratm
-114.960,1.2188e+00,397.00,1.7126e+06,loweratm
-115.470,1.2260e+00,398.00,1.7271e+06,loweratm
-115.980,1.2333e+00,399.00,1.7418e+06,loweratm
-116.490,1.2406e+00,400.00,1.7565e+06,loweratm
-117.000,1.2480e+00,401.00,1.7713e+06,loweratm
-117.510,1.2553e+00,402.00,1.7862e+06,loweratm
-118.010,1.2627e+00,403.00,1.8011e+06,loweratm
-118.520,1.2701e+00,404.00,1.8162e+06,loweratm
-119.030,1.2775e+00,405.00,1.8313e+06,loweratm
-119.540,1.2850e+00,406.00,1.8466e+06,loweratm
-120.050,1.2925e+00,407.00,1.8619e+06,loweratm
-120.560,1.3000e+00,408.00,1.8773e+06,loweratm
-121.000,1.3075e+00,409.00,1.8928e+06,loweratm
-121.580,1.3150e+00,410.00,1.9084e+06,loweratm
-122.090,1.3226e+00,411.00,1.9241e+06,loweratm
-122.600,1.3303e+00,412.00,1.9399e+06,loweratm
-123.110,1.3379e+00,413.00,1.9558e+06,loweratm
-123.610,1.3455e+00,414.00,1.9717e+06,loweratm
-124.120,1.3533e+00,415.00,1.9878e+06,loweratm
-124.640,1.3610e+00,416.00,2.0040e+06,loweratm
-125.140,1.3687e+00,417.00,2.0202e+06,loweratm
-125.650,1.3765e+00,418.00,2.0365e+06,loweratm
-126.160,1.3843e+00,419.00,2.0530e+06,loweratm
-126.670,1.3921e+00,420.00,2.0695e+06,loweratm
-127.180,1.3999e+00,421.00,2.0861e+06,loweratm
-127.690,1.4078e+00,422.00,2.1028e+06,loweratm
-128.200,1.4157e+00,423.00,2.1196e+06,loweratm
-128.710,1.4236e+00,424.00,2.1365e+06,loweratm
-129.220,1.4316e+00,425.00,2.1535e+06,loweratm
-129.730,1.4395e+00,426.00,2.1706e+06,loweratm
-130.240,1.4475e+00,427.00,2.1877e+06,loweratm
-130.740,1.4555e+00,428.00,2.2050e+06,loweratm
